obligation_id,case_id,obligation_month,obligation_type,amount_due
O0000001,C00001,2026-06-01,CURRENT,550
O0000002,C00001,2026-07-01,CURRENT,550
O0000003,C00001,2026-08-01,CURRENT,550
O0000004,C00002,2026-06-01,CURRENT,500
O0000005,C00002,2026-07-01,CURRENT,500
O0000006,C00002,2026-08-01,CURRENT,500
O0000007,C00003,2026-06-01,CURRENT,750
O0000008,C00003,2026-07-01,CURRENT,750
O0000009,C00003,2026-08-01,CURRENT,750
O0000010,C00004,2026-06-01,CURRENT,450
O0000011,C00004,2026-07-01,CURRENT,450
O0000012,C00004,2026-08-01,CURRENT,450
O0000013,C00005,2026-06-01,CURRENT,450
O0000014,C00005,2026-07-01,CURRENT,450
O0000015,C00005,2026-08-01,CURRENT,450
O0000016,C00006,2026-06-01,CURRENT,700
O0000017,C00006,2026-07-01,CURRENT,700
O0000018,C00006,2026-08-01,CURRENT,700
O0000019,C00007,2026-06-01,CURRENT,350
O0000020,C00007,2026-07-01,CURRENT,350
O0000021,C00007,2026-08-01,CURRENT,350
O0000022,C00008,2026-06-01,CURRENT,450
O0000023,C00008,2026-07-01,CURRENT,450
O0000024,C00008,2026-08-01,CURRENT,450
O0000025,C00009,2026-06-01,CURRENT,550
O0000026,C00009,2026-07-01,CURRENT,550
O0000027,C00009,2026-08-01,CURRENT,550
O0000028,C00010,2026-06-01,CURRENT,350
O0000029,C00010,2026-07-01,CURRENT,350
O0000030,C00010,2026-08-01,CURRENT,350
O0000031,C00011,2026-06-01,CURRENT,550
O0000032,C00011,2026-07-01,CURRENT,550
O0000033,C00011,2026-08-01,CURRENT,550
O0000034,C00012,2026-06-01,CURRENT,400
O0000035,C00012,2026-07-01,CURRENT,400
O0000036,C00012,2026-08-01,CURRENT,400
O0000037,C00013,2026-06-01,CURRENT,650
O0000038,C00013,2026-07-01,CURRENT,650
O0000039,C00013,2026-08-01,CURRENT,650
O0000040,C00014,2026-06-01,CURRENT,750
O0000041,C00014,2026-07-01,CURRENT,750
O0000042,C00014,2026-08-01,CURRENT,750
O0000043,C00015,2026-06-01,CURRENT,700
O0000044,C00015,2026-07-01,CURRENT,700
O0000045,C00015,2026-08-01,CURRENT,700
O0000046,C00016,2026-06-01,CURRENT,700
O0000047,C00016,2026-07-01,CURRENT,700
O0000048,C00016,2026-08-01,CURRENT,700
O0000049,C00017,2026-06-01,CURRENT,650
O0000050,C00017,2026-07-01,CURRENT,650
O0000051,C00017,2026-08-01,CURRENT,650
O0000052,C00018,2026-06-01,CURRENT,400
O0000053,C00018,2026-07-01,CURRENT,400
O0000054,C00018,2026-08-01,CURRENT,400
O0000055,C00019,2026-06-01,CURRENT,450
O0000056,C00019,2026-07-01,CURRENT,450
O0000057,C00019,2026-08-01,CURRENT,450
O0000058,C00020,2026-06-01,CURRENT,700
O0000059,C00020,2026-07-01,CURRENT,700
O0000060,C00020,2026-08-01,CURRENT,700
O0000061,C00021,2026-06-01,CURRENT,550
O0000062,C00021,2026-07-01,CURRENT,550
O0000063,C00021,2026-08-01,CURRENT,550
O0000064,C00022,2026-06-01,CURRENT,700
O0000065,C00022,2026-07-01,CURRENT,700
O0000066,C00022,2026-08-01,CURRENT,700
O0000067,C00023,2026-06-01,CURRENT,700
O0000068,C00023,2026-07-01,CURRENT,700
O0000069,C00023,2026-08-01,CURRENT,700
O0000070,C00024,2026-06-01,CURRENT,400
O0000071,C00024,2026-07-01,CURRENT,400
O0000072,C00024,2026-08-01,CURRENT,400
O0000073,C00025,2026-06-01,CURRENT,450
O0000074,C00025,2026-07-01,CURRENT,450
O0000075,C00025,2026-08-01,CURRENT,450
O0000076,C00026,2026-06-01,CURRENT,700
O0000077,C00026,2026-07-01,CURRENT,700
O0000078,C00026,2026-08-01,CURRENT,700
O0000079,C00027,2026-06-01,CURRENT,600
O0000080,C00027,2026-07-01,CURRENT,600
O0000081,C00027,2026-08-01,CURRENT,600
O0000082,C00028,2026-06-01,CURRENT,700
O0000083,C00028,2026-07-01,CURRENT,700
O0000084,C00028,2026-08-01,CURRENT,700
O0000085,C00029,2026-06-01,CURRENT,700
O0000086,C00029,2026-07-01,CURRENT,700
O0000087,C00029,2026-08-01,CURRENT,700
O0000088,C00030,2026-06-01,CURRENT,600
O0000089,C00030,2026-07-01,CURRENT,600
O0000090,C00030,2026-08-01,CURRENT,600
O0000091,C00031,2026-06-01,CURRENT,700
O0000092,C00031,2026-07-01,CURRENT,700
O0000093,C00031,2026-08-01,CURRENT,700
O0000094,C00032,2026-06-01,CURRENT,750
O0000095,C00032,2026-07-01,CURRENT,750
O0000096,C00032,2026-08-01,CURRENT,750
O0000097,C00033,2026-06-01,CURRENT,650
O0000098,C00033,2026-07-01,CURRENT,650
O0000099,C00033,2026-08-01,CURRENT,650
O0000100,C00034,2026-06-01,CURRENT,700
O0000101,C00034,2026-07-01,CURRENT,700
O0000102,C00034,2026-08-01,CURRENT,700
O0000103,C00035,2026-06-01,CURRENT,350
O0000104,C00035,2026-07-01,CURRENT,350
O0000105,C00035,2026-08-01,CURRENT,350
O0000106,C00036,2026-06-01,CURRENT,650
O0000107,C00036,2026-07-01,CURRENT,650
O0000108,C00036,2026-08-01,CURRENT,650
O0000109,C00037,2026-06-01,CURRENT,500
O0000110,C00037,2026-07-01,CURRENT,500
O0000111,C00037,2026-08-01,CURRENT,500
O0000112,C00038,2026-06-01,CURRENT,550
O0000113,C00038,2026-07-01,CURRENT,550
O0000114,C00038,2026-08-01,CURRENT,550
O0000115,C00039,2026-06-01,CURRENT,600
O0000116,C00039,2026-07-01,CURRENT,600
O0000117,C00039,2026-08-01,CURRENT,600
O0000118,C00040,2026-06-01,CURRENT,700
O0000119,C00040,2026-07-01,CURRENT,700
O0000120,C00040,2026-08-01,CURRENT,700
O0000121,C00041,2026-06-01,CURRENT,550
O0000122,C00041,2026-07-01,CURRENT,550
O0000123,C00041,2026-08-01,CURRENT,550
O0000124,C00042,2026-06-01,CURRENT,700
O0000125,C00042,2026-07-01,CURRENT,700
O0000126,C00042,2026-08-01,CURRENT,700
O0000127,C00043,2026-06-01,CURRENT,400
O0000128,C00043,2026-07-01,CURRENT,400
O0000129,C00043,2026-08-01,CURRENT,400
O0000130,C00044,2026-06-01,CURRENT,500
O0000131,C00044,2026-07-01,CURRENT,500
O0000132,C00044,2026-08-01,CURRENT,500
O0000133,C00045,2026-06-01,CURRENT,450
O0000134,C00045,2026-07-01,CURRENT,450
O0000135,C00045,2026-08-01,CURRENT,450
O0000136,C00046,2026-06-01,CURRENT,450
O0000137,C00046,2026-07-01,CURRENT,450
O0000138,C00046,2026-08-01,CURRENT,450
O0000139,C00047,2026-06-01,CURRENT,750
O0000140,C00047,2026-07-01,CURRENT,750
O0000141,C00047,2026-08-01,CURRENT,750
O0000142,C00048,2026-06-01,CURRENT,700
O0000143,C00048,2026-07-01,CURRENT,700
O0000144,C00048,2026-08-01,CURRENT,700
O0000145,C00049,2026-06-01,CURRENT,550
O0000146,C00049,2026-07-01,CURRENT,550
O0000147,C00049,2026-08-01,CURRENT,550
O0000148,C00050,2026-06-01,CURRENT,750
O0000149,C00050,2026-07-01,CURRENT,750
O0000150,C00050,2026-08-01,CURRENT,750
O0000151,C00051,2026-06-01,CURRENT,700
O0000152,C00051,2026-07-01,CURRENT,700
O0000153,C00051,2026-08-01,CURRENT,700
O0000154,C00052,2026-06-01,CURRENT,500
O0000155,C00052,2026-07-01,CURRENT,500
O0000156,C00052,2026-08-01,CURRENT,500
O0000157,C00053,2026-06-01,CURRENT,600
O0000158,C00053,2026-07-01,CURRENT,600
O0000159,C00053,2026-08-01,CURRENT,600
O0000160,C00054,2026-06-01,CURRENT,750
O0000161,C00054,2026-07-01,CURRENT,750
O0000162,C00054,2026-08-01,CURRENT,750
O0000163,C00055,2026-06-01,CURRENT,550
O0000164,C00055,2026-07-01,CURRENT,550
O0000165,C00055,2026-08-01,CURRENT,550
O0000166,C00056,2026-06-01,CURRENT,650
O0000167,C00056,2026-07-01,CURRENT,650
O0000168,C00056,2026-08-01,CURRENT,650
O0000169,C00057,2026-06-01,CURRENT,350
O0000170,C00057,2026-07-01,CURRENT,350
O0000171,C00057,2026-08-01,CURRENT,350
O0000172,C00058,2026-06-01,CURRENT,400
O0000173,C00058,2026-07-01,CURRENT,400
O0000174,C00058,2026-08-01,CURRENT,400
O0000175,C00059,2026-06-01,CURRENT,400
O0000176,C00059,2026-07-01,CURRENT,400
O0000177,C00059,2026-08-01,CURRENT,400
O0000178,C00060,2026-06-01,CURRENT,550
O0000179,C00060,2026-07-01,CURRENT,550
O0000180,C00060,2026-08-01,CURRENT,550
O0000181,C00061,2026-06-01,CURRENT,500
O0000182,C00061,2026-07-01,CURRENT,500
O0000183,C00061,2026-08-01,CURRENT,500
O0000184,C00062,2026-06-01,CURRENT,750
O0000185,C00062,2026-07-01,CURRENT,750
O0000186,C00062,2026-08-01,CURRENT,750
O0000187,C00063,2026-06-01,CURRENT,400
O0000188,C00063,2026-07-01,CURRENT,400
O0000189,C00063,2026-08-01,CURRENT,400
O0000190,C00064,2026-06-01,CURRENT,450
O0000191,C00064,2026-07-01,CURRENT,450
O0000192,C00064,2026-08-01,CURRENT,450
O0000193,C00065,2026-06-01,CURRENT,400
O0000194,C00065,2026-07-01,CURRENT,400
O0000195,C00065,2026-08-01,CURRENT,400
O0000196,C00066,2026-06-01,CURRENT,750
O0000197,C00066,2026-07-01,CURRENT,750
O0000198,C00066,2026-08-01,CURRENT,750
O0000199,C00067,2026-06-01,CURRENT,400
O0000200,C00067,2026-07-01,CURRENT,400
O0000201,C00067,2026-08-01,CURRENT,400
O0000202,C00068,2026-06-01,CURRENT,700
O0000203,C00068,2026-07-01,CURRENT,700
O0000204,C00068,2026-08-01,CURRENT,700
O0000205,C00069,2026-06-01,CURRENT,750
O0000206,C00069,2026-07-01,CURRENT,750
O0000207,C00069,2026-08-01,CURRENT,750
O0000208,C00070,2026-06-01,CURRENT,700
O0000209,C00070,2026-07-01,CURRENT,700
O0000210,C00070,2026-08-01,CURRENT,700
O0000211,C00071,2026-06-01,CURRENT,450
O0000212,C00071,2026-07-01,CURRENT,450
O0000213,C00071,2026-08-01,CURRENT,450
O0000214,C00072,2026-06-01,CURRENT,650
O0000215,C00072,2026-07-01,CURRENT,650
O0000216,C00072,2026-08-01,CURRENT,650
O0000217,C00073,2026-06-01,CURRENT,550
O0000218,C00073,2026-07-01,CURRENT,550
O0000219,C00073,2026-08-01,CURRENT,550
O0000220,C00074,2026-06-01,CURRENT,650
O0000221,C00074,2026-07-01,CURRENT,650
O0000222,C00074,2026-08-01,CURRENT,650
O0000223,C00075,2026-06-01,CURRENT,700
O0000224,C00075,2026-07-01,CURRENT,700
O0000225,C00075,2026-08-01,CURRENT,700
O0000226,C00076,2026-06-01,CURRENT,550
O0000227,C00076,2026-07-01,CURRENT,550
O0000228,C00076,2026-08-01,CURRENT,550
O0000229,C00077,2026-06-01,CURRENT,400
O0000230,C00077,2026-07-01,CURRENT,400
O0000231,C00077,2026-08-01,CURRENT,400
O0000232,C00078,2026-06-01,CURRENT,750
O0000233,C00078,2026-07-01,CURRENT,750
O0000234,C00078,2026-08-01,CURRENT,750
O0000235,C00079,2026-06-01,CURRENT,650
O0000236,C00079,2026-07-01,CURRENT,650
O0000237,C00079,2026-08-01,CURRENT,650
O0000238,C00080,2026-06-01,CURRENT,450
O0000239,C00080,2026-07-01,CURRENT,450
O0000240,C00080,2026-08-01,CURRENT,450
O0000241,C00081,2026-06-01,CURRENT,700
O0000242,C00081,2026-07-01,CURRENT,700
O0000243,C00081,2026-08-01,CURRENT,700
O0000244,C00082,2026-06-01,CURRENT,600
O0000245,C00082,2026-07-01,CURRENT,600
O0000246,C00082,2026-08-01,CURRENT,600
O0000247,C00083,2026-06-01,CURRENT,500
O0000248,C00083,2026-07-01,CURRENT,500
O0000249,C00083,2026-08-01,CURRENT,500
O0000250,C00084,2026-06-01,CURRENT,550
O0000251,C00084,2026-07-01,CURRENT,550
O0000252,C00084,2026-08-01,CURRENT,550
O0000253,C00085,2026-06-01,CURRENT,650
O0000254,C00085,2026-07-01,CURRENT,650
O0000255,C00085,2026-08-01,CURRENT,650
O0000256,C00086,2026-06-01,CURRENT,400
O0000257,C00086,2026-07-01,CURRENT,400
O0000258,C00086,2026-08-01,CURRENT,400
O0000259,C00087,2026-06-01,CURRENT,350
O0000260,C00087,2026-07-01,CURRENT,350
O0000261,C00087,2026-08-01,CURRENT,350
O0000262,C00088,2026-06-01,CURRENT,650
O0000263,C00088,2026-07-01,CURRENT,650
O0000264,C00088,2026-08-01,CURRENT,650
O0000265,C00089,2026-06-01,CURRENT,700
O0000266,C00089,2026-07-01,CURRENT,700
O0000267,C00089,2026-08-01,CURRENT,700
O0000268,C00090,2026-06-01,CURRENT,450
O0000269,C00090,2026-07-01,CURRENT,450
O0000270,C00090,2026-08-01,CURRENT,450
O0000271,C00091,2026-06-01,CURRENT,650
O0000272,C00091,2026-07-01,CURRENT,650
O0000273,C00091,2026-08-01,CURRENT,650
O0000274,C00092,2026-06-01,CURRENT,550
O0000275,C00092,2026-07-01,CURRENT,550
O0000276,C00092,2026-08-01,CURRENT,550
O0000277,C00093,2026-06-01,CURRENT,600
O0000278,C00093,2026-07-01,CURRENT,600
O0000279,C00093,2026-08-01,CURRENT,600
O0000280,C00094,2026-06-01,CURRENT,550
O0000281,C00094,2026-07-01,CURRENT,550
O0000282,C00094,2026-08-01,CURRENT,550
O0000283,C00095,2026-06-01,CURRENT,550
O0000284,C00095,2026-07-01,CURRENT,550
O0000285,C00095,2026-08-01,CURRENT,550
O0000286,C00096,2026-06-01,CURRENT,750
O0000287,C00096,2026-07-01,CURRENT,750
O0000288,C00096,2026-08-01,CURRENT,750
O0000289,C00097,2026-06-01,CURRENT,550
O0000290,C00097,2026-07-01,CURRENT,550
O0000291,C00097,2026-08-01,CURRENT,550
O0000292,C00098,2026-06-01,CURRENT,650
O0000293,C00098,2026-07-01,CURRENT,650
O0000294,C00098,2026-08-01,CURRENT,650
O0000295,C00099,2026-06-01,CURRENT,500
O0000296,C00099,2026-07-01,CURRENT,500
O0000297,C00099,2026-08-01,CURRENT,500
O0000298,C00100,2026-06-01,CURRENT,600
O0000299,C00100,2026-07-01,CURRENT,600
O0000300,C00100,2026-08-01,CURRENT,600
O0000301,C00101,2026-06-01,CURRENT,650
O0000302,C00101,2026-07-01,CURRENT,650
O0000303,C00101,2026-08-01,CURRENT,650
O0000304,C00102,2026-06-01,CURRENT,700
O0000305,C00102,2026-07-01,CURRENT,700
O0000306,C00102,2026-08-01,CURRENT,700
O0000307,C00103,2026-06-01,CURRENT,600
O0000308,C00103,2026-07-01,CURRENT,600
O0000309,C00103,2026-08-01,CURRENT,600
O0000310,C00104,2026-06-01,CURRENT,650
O0000311,C00104,2026-07-01,CURRENT,650
O0000312,C00104,2026-08-01,CURRENT,650
O0000313,C00105,2026-06-01,CURRENT,350
O0000314,C00105,2026-07-01,CURRENT,350
O0000315,C00105,2026-08-01,CURRENT,350
O0000316,C00106,2026-06-01,CURRENT,500
O0000317,C00106,2026-07-01,CURRENT,500
O0000318,C00106,2026-08-01,CURRENT,500
O0000319,C00107,2026-06-01,CURRENT,500
O0000320,C00107,2026-07-01,CURRENT,500
O0000321,C00107,2026-08-01,CURRENT,500
O0000322,C00108,2026-06-01,CURRENT,700
O0000323,C00108,2026-07-01,CURRENT,700
O0000324,C00108,2026-08-01,CURRENT,700
O0000325,C00109,2026-06-01,CURRENT,400
O0000326,C00109,2026-07-01,CURRENT,400
O0000327,C00109,2026-08-01,CURRENT,400
O0000328,C00110,2026-06-01,CURRENT,450
O0000329,C00110,2026-07-01,CURRENT,450
O0000330,C00110,2026-08-01,CURRENT,450
O0000331,C00111,2026-06-01,CURRENT,400
O0000332,C00111,2026-07-01,CURRENT,400
O0000333,C00111,2026-08-01,CURRENT,400
O0000334,C00112,2026-06-01,CURRENT,400
O0000335,C00112,2026-07-01,CURRENT,400
O0000336,C00112,2026-08-01,CURRENT,400
O0000337,C00113,2026-06-01,CURRENT,700
O0000338,C00113,2026-07-01,CURRENT,700
O0000339,C00113,2026-08-01,CURRENT,700
O0000340,C00114,2026-06-01,CURRENT,750
O0000341,C00114,2026-07-01,CURRENT,750
O0000342,C00114,2026-08-01,CURRENT,750
O0000343,C00115,2026-06-01,CURRENT,550
O0000344,C00115,2026-07-01,CURRENT,550
O0000345,C00115,2026-08-01,CURRENT,550
O0000346,C00116,2026-06-01,CURRENT,750
O0000347,C00116,2026-07-01,CURRENT,750
O0000348,C00116,2026-08-01,CURRENT,750
O0000349,C00117,2026-06-01,CURRENT,550
O0000350,C00117,2026-07-01,CURRENT,550
O0000351,C00117,2026-08-01,CURRENT,550
O0000352,C00118,2026-06-01,CURRENT,750
O0000353,C00118,2026-07-01,CURRENT,750
O0000354,C00118,2026-08-01,CURRENT,750
O0000355,C00119,2026-06-01,CURRENT,550
O0000356,C00119,2026-07-01,CURRENT,550
O0000357,C00119,2026-08-01,CURRENT,550
O0000358,C00120,2026-06-01,CURRENT,400
O0000359,C00120,2026-07-01,CURRENT,400
O0000360,C00120,2026-08-01,CURRENT,400
O0000361,C00121,2026-06-01,CURRENT,400
O0000362,C00121,2026-07-01,CURRENT,400
O0000363,C00121,2026-08-01,CURRENT,400
O0000364,C00122,2026-06-01,CURRENT,650
O0000365,C00122,2026-07-01,CURRENT,650
O0000366,C00122,2026-08-01,CURRENT,650
O0000367,C00123,2026-06-01,CURRENT,650
O0000368,C00123,2026-07-01,CURRENT,650
O0000369,C00123,2026-08-01,CURRENT,650
O0000370,C00124,2026-06-01,CURRENT,450
O0000371,C00124,2026-07-01,CURRENT,450
O0000372,C00124,2026-08-01,CURRENT,450
O0000373,C00125,2026-06-01,CURRENT,700
O0000374,C00125,2026-07-01,CURRENT,700
O0000375,C00125,2026-08-01,CURRENT,700
O0000376,C00126,2026-06-01,CURRENT,700
O0000377,C00126,2026-07-01,CURRENT,700
O0000378,C00126,2026-08-01,CURRENT,700
O0000379,C00127,2026-06-01,CURRENT,750
O0000380,C00127,2026-07-01,CURRENT,750
O0000381,C00127,2026-08-01,CURRENT,750
O0000382,C00128,2026-06-01,CURRENT,450
O0000383,C00128,2026-07-01,CURRENT,450
O0000384,C00128,2026-08-01,CURRENT,450
O0000385,C00129,2026-06-01,CURRENT,600
O0000386,C00129,2026-07-01,CURRENT,600
O0000387,C00129,2026-08-01,CURRENT,600
O0000388,C00130,2026-06-01,CURRENT,350
O0000389,C00130,2026-07-01,CURRENT,350
O0000390,C00130,2026-08-01,CURRENT,350
O0000391,C00131,2026-06-01,CURRENT,700
O0000392,C00131,2026-07-01,CURRENT,700
O0000393,C00131,2026-08-01,CURRENT,700
O0000394,C00132,2026-06-01,CURRENT,550
O0000395,C00132,2026-07-01,CURRENT,550
O0000396,C00132,2026-08-01,CURRENT,550
O0000397,C00133,2026-06-01,CURRENT,400
O0000398,C00133,2026-07-01,CURRENT,400
O0000399,C00133,2026-08-01,CURRENT,400
O0000400,C00134,2026-06-01,CURRENT,350
O0000401,C00134,2026-07-01,CURRENT,350
O0000402,C00134,2026-08-01,CURRENT,350
O0000403,C00135,2026-06-01,CURRENT,700
O0000404,C00135,2026-07-01,CURRENT,700
O0000405,C00135,2026-08-01,CURRENT,700
O0000406,C00136,2026-06-01,CURRENT,500
O0000407,C00136,2026-07-01,CURRENT,500
O0000408,C00136,2026-08-01,CURRENT,500
O0000409,C00137,2026-06-01,CURRENT,650
O0000410,C00137,2026-07-01,CURRENT,650
O0000411,C00137,2026-08-01,CURRENT,650
O0000412,C00138,2026-06-01,CURRENT,500
O0000413,C00138,2026-07-01,CURRENT,500
O0000414,C00138,2026-08-01,CURRENT,500
O0000415,C00139,2026-06-01,CURRENT,500
O0000416,C00139,2026-07-01,CURRENT,500
O0000417,C00139,2026-08-01,CURRENT,500
O0000418,C00140,2026-06-01,CURRENT,450
O0000419,C00140,2026-07-01,CURRENT,450
O0000420,C00140,2026-08-01,CURRENT,450
O0000421,C00141,2026-06-01,CURRENT,400
O0000422,C00141,2026-07-01,CURRENT,400
O0000423,C00141,2026-08-01,CURRENT,400
O0000424,C00142,2026-06-01,CURRENT,550
O0000425,C00142,2026-07-01,CURRENT,550
O0000426,C00142,2026-08-01,CURRENT,550
O0000427,C00143,2026-06-01,CURRENT,750
O0000428,C00143,2026-07-01,CURRENT,750
O0000429,C00143,2026-08-01,CURRENT,750
O0000430,C00144,2026-06-01,CURRENT,400
O0000431,C00144,2026-07-01,CURRENT,400
O0000432,C00144,2026-08-01,CURRENT,400
O0000433,C00145,2026-06-01,CURRENT,450
O0000434,C00145,2026-07-01,CURRENT,450
O0000435,C00145,2026-08-01,CURRENT,450
O0000436,C00146,2026-06-01,CURRENT,750
O0000437,C00146,2026-07-01,CURRENT,750
O0000438,C00146,2026-08-01,CURRENT,750
O0000439,C00147,2026-06-01,CURRENT,750
O0000440,C00147,2026-07-01,CURRENT,750
O0000441,C00147,2026-08-01,CURRENT,750
O0000442,C00148,2026-06-01,CURRENT,500
O0000443,C00148,2026-07-01,CURRENT,500
O0000444,C00148,2026-08-01,CURRENT,500
O0000445,C00149,2026-06-01,CURRENT,600
O0000446,C00149,2026-07-01,CURRENT,600
O0000447,C00149,2026-08-01,CURRENT,600
O0000448,C00150,2026-06-01,CURRENT,650
O0000449,C00150,2026-07-01,CURRENT,650
O0000450,C00150,2026-08-01,CURRENT,650
O0000451,C00151,2026-06-01,CURRENT,600
O0000452,C00151,2026-07-01,CURRENT,600
O0000453,C00151,2026-08-01,CURRENT,600
O0000454,C00152,2026-06-01,CURRENT,350
O0000455,C00152,2026-07-01,CURRENT,350
O0000456,C00152,2026-08-01,CURRENT,350
O0000457,C00153,2026-06-01,CURRENT,700
O0000458,C00153,2026-07-01,CURRENT,700
O0000459,C00153,2026-08-01,CURRENT,700
O0000460,C00154,2026-06-01,CURRENT,350
O0000461,C00154,2026-07-01,CURRENT,350
O0000462,C00154,2026-08-01,CURRENT,350
O0000463,C00155,2026-06-01,CURRENT,450
O0000464,C00155,2026-07-01,CURRENT,450
O0000465,C00155,2026-08-01,CURRENT,450
O0000466,C00156,2026-06-01,CURRENT,600
O0000467,C00156,2026-07-01,CURRENT,600
O0000468,C00156,2026-08-01,CURRENT,600
O0000469,C00157,2026-06-01,CURRENT,450
O0000470,C00157,2026-07-01,CURRENT,450
O0000471,C00157,2026-08-01,CURRENT,450
O0000472,C00158,2026-06-01,CURRENT,600
O0000473,C00158,2026-07-01,CURRENT,600
O0000474,C00158,2026-08-01,CURRENT,600
O0000475,C00159,2026-06-01,CURRENT,350
O0000476,C00159,2026-07-01,CURRENT,350
O0000477,C00159,2026-08-01,CURRENT,350
O0000478,C00160,2026-06-01,CURRENT,650
O0000479,C00160,2026-07-01,CURRENT,650
O0000480,C00160,2026-08-01,CURRENT,650
O0000481,C00161,2026-06-01,CURRENT,650
O0000482,C00161,2026-07-01,CURRENT,650
O0000483,C00161,2026-08-01,CURRENT,650
O0000484,C00162,2026-06-01,CURRENT,400
O0000485,C00162,2026-07-01,CURRENT,400
O0000486,C00162,2026-08-01,CURRENT,400
O0000487,C00163,2026-06-01,CURRENT,700
O0000488,C00163,2026-07-01,CURRENT,700
O0000489,C00163,2026-08-01,CURRENT,700
O0000490,C00164,2026-06-01,CURRENT,550
O0000491,C00164,2026-07-01,CURRENT,550
O0000492,C00164,2026-08-01,CURRENT,550
O0000493,C00165,2026-06-01,CURRENT,500
O0000494,C00165,2026-07-01,CURRENT,500
O0000495,C00165,2026-08-01,CURRENT,500
O0000496,C00166,2026-06-01,CURRENT,550
O0000497,C00166,2026-07-01,CURRENT,550
O0000498,C00166,2026-08-01,CURRENT,550
O0000499,C00167,2026-06-01,CURRENT,650
O0000500,C00167,2026-07-01,CURRENT,650
O0000501,C00167,2026-08-01,CURRENT,650
O0000502,C00168,2026-06-01,CURRENT,700
O0000503,C00168,2026-07-01,CURRENT,700
O0000504,C00168,2026-08-01,CURRENT,700
O0000505,C00169,2026-06-01,CURRENT,600
O0000506,C00169,2026-07-01,CURRENT,600
O0000507,C00169,2026-08-01,CURRENT,600
O0000508,C00170,2026-06-01,CURRENT,550
O0000509,C00170,2026-07-01,CURRENT,550
O0000510,C00170,2026-08-01,CURRENT,550
O0000511,C00171,2026-06-01,CURRENT,450
O0000512,C00171,2026-07-01,CURRENT,450
O0000513,C00171,2026-08-01,CURRENT,450
O0000514,C00172,2026-06-01,CURRENT,750
O0000515,C00172,2026-07-01,CURRENT,750
O0000516,C00172,2026-08-01,CURRENT,750
O0000517,C00173,2026-06-01,CURRENT,350
O0000518,C00173,2026-07-01,CURRENT,350
O0000519,C00173,2026-08-01,CURRENT,350
O0000520,C00174,2026-06-01,CURRENT,600
O0000521,C00174,2026-07-01,CURRENT,600
O0000522,C00174,2026-08-01,CURRENT,600
O0000523,C00175,2026-06-01,CURRENT,650
O0000524,C00175,2026-07-01,CURRENT,650
O0000525,C00175,2026-08-01,CURRENT,650
O0000526,C00176,2026-06-01,CURRENT,600
O0000527,C00176,2026-07-01,CURRENT,600
O0000528,C00176,2026-08-01,CURRENT,600
O0000529,C00177,2026-06-01,CURRENT,500
O0000530,C00177,2026-07-01,CURRENT,500
O0000531,C00177,2026-08-01,CURRENT,500
O0000532,C00178,2026-06-01,CURRENT,450
O0000533,C00178,2026-07-01,CURRENT,450
O0000534,C00178,2026-08-01,CURRENT,450
O0000535,C00179,2026-06-01,CURRENT,700
O0000536,C00179,2026-07-01,CURRENT,700
O0000537,C00179,2026-08-01,CURRENT,700
O0000538,C00180,2026-06-01,CURRENT,350
O0000539,C00180,2026-07-01,CURRENT,350
O0000540,C00180,2026-08-01,CURRENT,350
O0000541,C00181,2026-06-01,CURRENT,400
O0000542,C00181,2026-07-01,CURRENT,400
O0000543,C00181,2026-08-01,CURRENT,400
O0000544,C00182,2026-06-01,CURRENT,700
O0000545,C00182,2026-07-01,CURRENT,700
O0000546,C00182,2026-08-01,CURRENT,700
O0000547,C00183,2026-06-01,CURRENT,600
O0000548,C00183,2026-07-01,CURRENT,600
O0000549,C00183,2026-08-01,CURRENT,600
O0000550,C00184,2026-06-01,CURRENT,400
O0000551,C00184,2026-07-01,CURRENT,400
O0000552,C00184,2026-08-01,CURRENT,400
O0000553,C00185,2026-06-01,CURRENT,450
O0000554,C00185,2026-07-01,CURRENT,450
O0000555,C00185,2026-08-01,CURRENT,450
O0000556,C00186,2026-06-01,CURRENT,400
O0000557,C00186,2026-07-01,CURRENT,400
O0000558,C00186,2026-08-01,CURRENT,400
O0000559,C00187,2026-06-01,CURRENT,500
O0000560,C00187,2026-07-01,CURRENT,500
O0000561,C00187,2026-08-01,CURRENT,500
O0000562,C00188,2026-06-01,CURRENT,750
O0000563,C00188,2026-07-01,CURRENT,750
O0000564,C00188,2026-08-01,CURRENT,750
O0000565,C00189,2026-06-01,CURRENT,750
O0000566,C00189,2026-07-01,CURRENT,750
O0000567,C00189,2026-08-01,CURRENT,750
O0000568,C00190,2026-06-01,CURRENT,750
O0000569,C00190,2026-07-01,CURRENT,750
O0000570,C00190,2026-08-01,CURRENT,750
O0000571,C00191,2026-06-01,CURRENT,650
O0000572,C00191,2026-07-01,CURRENT,650
O0000573,C00191,2026-08-01,CURRENT,650
O0000574,C00192,2026-06-01,CURRENT,650
O0000575,C00192,2026-07-01,CURRENT,650
O0000576,C00192,2026-08-01,CURRENT,650
O0000577,C00193,2026-06-01,CURRENT,750
O0000578,C00193,2026-07-01,CURRENT,750
O0000579,C00193,2026-08-01,CURRENT,750
O0000580,C00194,2026-06-01,CURRENT,450
O0000581,C00194,2026-07-01,CURRENT,450
O0000582,C00194,2026-08-01,CURRENT,450
O0000583,C00195,2026-06-01,CURRENT,750
O0000584,C00195,2026-07-01,CURRENT,750
O0000585,C00195,2026-08-01,CURRENT,750
O0000586,C00196,2026-06-01,CURRENT,700
O0000587,C00196,2026-07-01,CURRENT,700
O0000588,C00196,2026-08-01,CURRENT,700
O0000589,C00197,2026-06-01,CURRENT,500
O0000590,C00197,2026-07-01,CURRENT,500
O0000591,C00197,2026-08-01,CURRENT,500
O0000592,C00198,2026-06-01,CURRENT,500
O0000593,C00198,2026-07-01,CURRENT,500
O0000594,C00198,2026-08-01,CURRENT,500
O0000595,C00199,2026-06-01,CURRENT,600
O0000596,C00199,2026-07-01,CURRENT,600
O0000597,C00199,2026-08-01,CURRENT,600
O0000598,C00200,2026-06-01,CURRENT,700
O0000599,C00200,2026-07-01,CURRENT,700
O0000600,C00200,2026-08-01,CURRENT,700
O0000601,C00201,2026-06-01,CURRENT,600
O0000602,C00201,2026-07-01,CURRENT,600
O0000603,C00201,2026-08-01,CURRENT,600
O0000604,C00202,2026-06-01,CURRENT,600
O0000605,C00202,2026-07-01,CURRENT,600
O0000606,C00202,2026-08-01,CURRENT,600
O0000607,C00203,2026-06-01,CURRENT,450
O0000608,C00203,2026-07-01,CURRENT,450
O0000609,C00203,2026-08-01,CURRENT,450
O0000610,C00204,2026-06-01,CURRENT,400
O0000611,C00204,2026-07-01,CURRENT,400
O0000612,C00204,2026-08-01,CURRENT,400
O0000613,C00205,2026-06-01,CURRENT,550
O0000614,C00205,2026-07-01,CURRENT,550
O0000615,C00205,2026-08-01,CURRENT,550
O0000616,C00206,2026-06-01,CURRENT,400
O0000617,C00206,2026-07-01,CURRENT,400
O0000618,C00206,2026-08-01,CURRENT,400
O0000619,C00207,2026-06-01,CURRENT,450
O0000620,C00207,2026-07-01,CURRENT,450
O0000621,C00207,2026-08-01,CURRENT,450
O0000622,C00208,2026-06-01,CURRENT,400
O0000623,C00208,2026-07-01,CURRENT,400
O0000624,C00208,2026-08-01,CURRENT,400
O0000625,C00209,2026-06-01,CURRENT,650
O0000626,C00209,2026-07-01,CURRENT,650
O0000627,C00209,2026-08-01,CURRENT,650
O0000628,C00210,2026-06-01,CURRENT,450
O0000629,C00210,2026-07-01,CURRENT,450
O0000630,C00210,2026-08-01,CURRENT,450
O0000631,C00211,2026-06-01,CURRENT,500
O0000632,C00211,2026-07-01,CURRENT,500
O0000633,C00211,2026-08-01,CURRENT,500
O0000634,C00212,2026-06-01,CURRENT,650
O0000635,C00212,2026-07-01,CURRENT,650
O0000636,C00212,2026-08-01,CURRENT,650
O0000637,C00213,2026-06-01,CURRENT,600
O0000638,C00213,2026-07-01,CURRENT,600
O0000639,C00213,2026-08-01,CURRENT,600
O0000640,C00214,2026-06-01,CURRENT,400
O0000641,C00214,2026-07-01,CURRENT,400
O0000642,C00214,2026-08-01,CURRENT,400
O0000643,C00215,2026-06-01,CURRENT,600
O0000644,C00215,2026-07-01,CURRENT,600
O0000645,C00215,2026-08-01,CURRENT,600
O0000646,C00216,2026-06-01,CURRENT,700
O0000647,C00216,2026-07-01,CURRENT,700
O0000648,C00216,2026-08-01,CURRENT,700
O0000649,C00217,2026-06-01,CURRENT,750
O0000650,C00217,2026-07-01,CURRENT,750
O0000651,C00217,2026-08-01,CURRENT,750
O0000652,C00218,2026-06-01,CURRENT,650
O0000653,C00218,2026-07-01,CURRENT,650
O0000654,C00218,2026-08-01,CURRENT,650
O0000655,C00219,2026-06-01,CURRENT,400
O0000656,C00219,2026-07-01,CURRENT,400
O0000657,C00219,2026-08-01,CURRENT,400
O0000658,C00220,2026-06-01,CURRENT,700
O0000659,C00220,2026-07-01,CURRENT,700
O0000660,C00220,2026-08-01,CURRENT,700
O0000661,C00221,2026-06-01,CURRENT,500
O0000662,C00221,2026-07-01,CURRENT,500
O0000663,C00221,2026-08-01,CURRENT,500
O0000664,C00222,2026-06-01,CURRENT,600
O0000665,C00222,2026-07-01,CURRENT,600
O0000666,C00222,2026-08-01,CURRENT,600
O0000667,C00223,2026-06-01,CURRENT,750
O0000668,C00223,2026-07-01,CURRENT,750
O0000669,C00223,2026-08-01,CURRENT,750
O0000670,C00224,2026-06-01,CURRENT,750
O0000671,C00224,2026-07-01,CURRENT,750
O0000672,C00224,2026-08-01,CURRENT,750
O0000673,C00225,2026-06-01,CURRENT,750
O0000674,C00225,2026-07-01,CURRENT,750
O0000675,C00225,2026-08-01,CURRENT,750
O0000676,C00226,2026-06-01,CURRENT,450
O0000677,C00226,2026-07-01,CURRENT,450
O0000678,C00226,2026-08-01,CURRENT,450
O0000679,C00227,2026-06-01,CURRENT,600
O0000680,C00227,2026-07-01,CURRENT,600
O0000681,C00227,2026-08-01,CURRENT,600
O0000682,C00228,2026-06-01,CURRENT,450
O0000683,C00228,2026-07-01,CURRENT,450
O0000684,C00228,2026-08-01,CURRENT,450
O0000685,C00229,2026-06-01,CURRENT,650
O0000686,C00229,2026-07-01,CURRENT,650
O0000687,C00229,2026-08-01,CURRENT,650
O0000688,C00230,2026-06-01,CURRENT,550
O0000689,C00230,2026-07-01,CURRENT,550
O0000690,C00230,2026-08-01,CURRENT,550
O0000691,C00231,2026-06-01,CURRENT,400
O0000692,C00231,2026-07-01,CURRENT,400
O0000693,C00231,2026-08-01,CURRENT,400
O0000694,C00232,2026-06-01,CURRENT,600
O0000695,C00232,2026-07-01,CURRENT,600
O0000696,C00232,2026-08-01,CURRENT,600
O0000697,C00233,2026-06-01,CURRENT,400
O0000698,C00233,2026-07-01,CURRENT,400
O0000699,C00233,2026-08-01,CURRENT,400
O0000700,C00234,2026-06-01,CURRENT,650
O0000701,C00234,2026-07-01,CURRENT,650
O0000702,C00234,2026-08-01,CURRENT,650
O0000703,C00235,2026-06-01,CURRENT,550
O0000704,C00235,2026-07-01,CURRENT,550
O0000705,C00235,2026-08-01,CURRENT,550
O0000706,C00236,2026-06-01,CURRENT,750
O0000707,C00236,2026-07-01,CURRENT,750
O0000708,C00236,2026-08-01,CURRENT,750
O0000709,C00237,2026-06-01,CURRENT,400
O0000710,C00237,2026-07-01,CURRENT,400
O0000711,C00237,2026-08-01,CURRENT,400
O0000712,C00238,2026-06-01,CURRENT,550
O0000713,C00238,2026-07-01,CURRENT,550
O0000714,C00238,2026-08-01,CURRENT,550
O0000715,C00239,2026-06-01,CURRENT,700
O0000716,C00239,2026-07-01,CURRENT,700
O0000717,C00239,2026-08-01,CURRENT,700
O0000718,C00240,2026-06-01,CURRENT,700
O0000719,C00240,2026-07-01,CURRENT,700
O0000720,C00240,2026-08-01,CURRENT,700
O0000721,C00241,2026-06-01,CURRENT,600
O0000722,C00241,2026-07-01,CURRENT,600
O0000723,C00241,2026-08-01,CURRENT,600
O0000724,C00242,2026-06-01,CURRENT,550
O0000725,C00242,2026-07-01,CURRENT,550
O0000726,C00242,2026-08-01,CURRENT,550
O0000727,C00243,2026-06-01,CURRENT,600
O0000728,C00243,2026-07-01,CURRENT,600
O0000729,C00243,2026-08-01,CURRENT,600
O0000730,C00244,2026-06-01,CURRENT,650
O0000731,C00244,2026-07-01,CURRENT,650
O0000732,C00244,2026-08-01,CURRENT,650
O0000733,C00245,2026-06-01,CURRENT,350
O0000734,C00245,2026-07-01,CURRENT,350
O0000735,C00245,2026-08-01,CURRENT,350
O0000736,C00246,2026-06-01,CURRENT,500
O0000737,C00246,2026-07-01,CURRENT,500
O0000738,C00246,2026-08-01,CURRENT,500
O0000739,C00247,2026-06-01,CURRENT,700
O0000740,C00247,2026-07-01,CURRENT,700
O0000741,C00247,2026-08-01,CURRENT,700
O0000742,C00248,2026-06-01,CURRENT,550
O0000743,C00248,2026-07-01,CURRENT,550
O0000744,C00248,2026-08-01,CURRENT,550
O0000745,C00249,2026-06-01,CURRENT,550
O0000746,C00249,2026-07-01,CURRENT,550
O0000747,C00249,2026-08-01,CURRENT,550
O0000748,C00250,2026-06-01,CURRENT,600
O0000749,C00250,2026-07-01,CURRENT,600
O0000750,C00250,2026-08-01,CURRENT,600
O0000751,C00251,2026-06-01,CURRENT,350
O0000752,C00251,2026-07-01,CURRENT,350
O0000753,C00251,2026-08-01,CURRENT,350
O0000754,C00252,2026-06-01,CURRENT,400
O0000755,C00252,2026-07-01,CURRENT,400
O0000756,C00252,2026-08-01,CURRENT,400
O0000757,C00253,2026-06-01,CURRENT,600
O0000758,C00253,2026-07-01,CURRENT,600
O0000759,C00253,2026-08-01,CURRENT,600
O0000760,C00254,2026-06-01,CURRENT,750
O0000761,C00254,2026-07-01,CURRENT,750
O0000762,C00254,2026-08-01,CURRENT,750
O0000763,C00255,2026-06-01,CURRENT,400
O0000764,C00255,2026-07-01,CURRENT,400
O0000765,C00255,2026-08-01,CURRENT,400
O0000766,C00256,2026-06-01,CURRENT,450
O0000767,C00256,2026-07-01,CURRENT,450
O0000768,C00256,2026-08-01,CURRENT,450
O0000769,C00257,2026-06-01,CURRENT,350
O0000770,C00257,2026-07-01,CURRENT,350
O0000771,C00257,2026-08-01,CURRENT,350
O0000772,C00258,2026-06-01,CURRENT,700
O0000773,C00258,2026-07-01,CURRENT,700
O0000774,C00258,2026-08-01,CURRENT,700
O0000775,C00259,2026-06-01,CURRENT,450
O0000776,C00259,2026-07-01,CURRENT,450
O0000777,C00259,2026-08-01,CURRENT,450
O0000778,C00260,2026-06-01,CURRENT,550
O0000779,C00260,2026-07-01,CURRENT,550
O0000780,C00260,2026-08-01,CURRENT,550
O0000781,C00261,2026-06-01,CURRENT,650
O0000782,C00261,2026-07-01,CURRENT,650
O0000783,C00261,2026-08-01,CURRENT,650
O0000784,C00262,2026-06-01,CURRENT,600
O0000785,C00262,2026-07-01,CURRENT,600
O0000786,C00262,2026-08-01,CURRENT,600
O0000787,C00263,2026-06-01,CURRENT,700
O0000788,C00263,2026-07-01,CURRENT,700
O0000789,C00263,2026-08-01,CURRENT,700
O0000790,C00264,2026-06-01,CURRENT,600
O0000791,C00264,2026-07-01,CURRENT,600
O0000792,C00264,2026-08-01,CURRENT,600
O0000793,C00265,2026-06-01,CURRENT,350
O0000794,C00265,2026-07-01,CURRENT,350
O0000795,C00265,2026-08-01,CURRENT,350
O0000796,C00266,2026-06-01,CURRENT,700
O0000797,C00266,2026-07-01,CURRENT,700
O0000798,C00266,2026-08-01,CURRENT,700
O0000799,C00267,2026-06-01,CURRENT,550
O0000800,C00267,2026-07-01,CURRENT,550
O0000801,C00267,2026-08-01,CURRENT,550
O0000802,C00268,2026-06-01,CURRENT,700
O0000803,C00268,2026-07-01,CURRENT,700
O0000804,C00268,2026-08-01,CURRENT,700
O0000805,C00269,2026-06-01,CURRENT,400
O0000806,C00269,2026-07-01,CURRENT,400
O0000807,C00269,2026-08-01,CURRENT,400
O0000808,C00270,2026-06-01,CURRENT,500
O0000809,C00270,2026-07-01,CURRENT,500
O0000810,C00270,2026-08-01,CURRENT,500
O0000811,C00271,2026-06-01,CURRENT,450
O0000812,C00271,2026-07-01,CURRENT,450
O0000813,C00271,2026-08-01,CURRENT,450
O0000814,C00272,2026-06-01,CURRENT,500
O0000815,C00272,2026-07-01,CURRENT,500
O0000816,C00272,2026-08-01,CURRENT,500
O0000817,C00273,2026-06-01,CURRENT,750
O0000818,C00273,2026-07-01,CURRENT,750
O0000819,C00273,2026-08-01,CURRENT,750
O0000820,C00274,2026-06-01,CURRENT,700
O0000821,C00274,2026-07-01,CURRENT,700
O0000822,C00274,2026-08-01,CURRENT,700
O0000823,C00275,2026-06-01,CURRENT,500
O0000824,C00275,2026-07-01,CURRENT,500
O0000825,C00275,2026-08-01,CURRENT,500
O0000826,C00276,2026-06-01,CURRENT,500
O0000827,C00276,2026-07-01,CURRENT,500
O0000828,C00276,2026-08-01,CURRENT,500
O0000829,C00277,2026-06-01,CURRENT,650
O0000830,C00277,2026-07-01,CURRENT,650
O0000831,C00277,2026-08-01,CURRENT,650
O0000832,C00278,2026-06-01,CURRENT,350
O0000833,C00278,2026-07-01,CURRENT,350
O0000834,C00278,2026-08-01,CURRENT,350
O0000835,C00279,2026-06-01,CURRENT,600
O0000836,C00279,2026-07-01,CURRENT,600
O0000837,C00279,2026-08-01,CURRENT,600
O0000838,C00280,2026-06-01,CURRENT,750
O0000839,C00280,2026-07-01,CURRENT,750
O0000840,C00280,2026-08-01,CURRENT,750
O0000841,C00281,2026-06-01,CURRENT,400
O0000842,C00281,2026-07-01,CURRENT,400
O0000843,C00281,2026-08-01,CURRENT,400
O0000844,C00282,2026-06-01,CURRENT,450
O0000845,C00282,2026-07-01,CURRENT,450
O0000846,C00282,2026-08-01,CURRENT,450
O0000847,C00283,2026-06-01,CURRENT,700
O0000848,C00283,2026-07-01,CURRENT,700
O0000849,C00283,2026-08-01,CURRENT,700
O0000850,C00284,2026-06-01,CURRENT,400
O0000851,C00284,2026-07-01,CURRENT,400
O0000852,C00284,2026-08-01,CURRENT,400
O0000853,C00285,2026-06-01,CURRENT,600
O0000854,C00285,2026-07-01,CURRENT,600
O0000855,C00285,2026-08-01,CURRENT,600
O0000856,C00286,2026-06-01,CURRENT,600
O0000857,C00286,2026-07-01,CURRENT,600
O0000858,C00286,2026-08-01,CURRENT,600
O0000859,C00287,2026-06-01,CURRENT,600
O0000860,C00287,2026-07-01,CURRENT,600
O0000861,C00287,2026-08-01,CURRENT,600
O0000862,C00288,2026-06-01,CURRENT,700
O0000863,C00288,2026-07-01,CURRENT,700
O0000864,C00288,2026-08-01,CURRENT,700
O0000865,C00289,2026-06-01,CURRENT,500
O0000866,C00289,2026-07-01,CURRENT,500
O0000867,C00289,2026-08-01,CURRENT,500
O0000868,C00290,2026-06-01,CURRENT,700
O0000869,C00290,2026-07-01,CURRENT,700
O0000870,C00290,2026-08-01,CURRENT,700
O0000871,C00291,2026-06-01,CURRENT,400
O0000872,C00291,2026-07-01,CURRENT,400
O0000873,C00291,2026-08-01,CURRENT,400
O0000874,C00292,2026-06-01,CURRENT,450
O0000875,C00292,2026-07-01,CURRENT,450
O0000876,C00292,2026-08-01,CURRENT,450
O0000877,C00293,2026-06-01,CURRENT,500
O0000878,C00293,2026-07-01,CURRENT,500
O0000879,C00293,2026-08-01,CURRENT,500
O0000880,C00294,2026-06-01,CURRENT,450
O0000881,C00294,2026-07-01,CURRENT,450
O0000882,C00294,2026-08-01,CURRENT,450
O0000883,C00295,2026-06-01,CURRENT,500
O0000884,C00295,2026-07-01,CURRENT,500
O0000885,C00295,2026-08-01,CURRENT,500
O0000886,C00296,2026-06-01,CURRENT,450
O0000887,C00296,2026-07-01,CURRENT,450
O0000888,C00296,2026-08-01,CURRENT,450
O0000889,C00297,2026-06-01,CURRENT,450
O0000890,C00297,2026-07-01,CURRENT,450
O0000891,C00297,2026-08-01,CURRENT,450
O0000892,C00298,2026-06-01,CURRENT,500
O0000893,C00298,2026-07-01,CURRENT,500
O0000894,C00298,2026-08-01,CURRENT,500
O0000895,C00299,2026-06-01,CURRENT,450
O0000896,C00299,2026-07-01,CURRENT,450
O0000897,C00299,2026-08-01,CURRENT,450
O0000898,C00300,2026-06-01,CURRENT,400
O0000899,C00300,2026-07-01,CURRENT,400
O0000900,C00300,2026-08-01,CURRENT,400
O0000901,C00301,2026-06-01,CURRENT,600
O0000902,C00301,2026-07-01,CURRENT,600
O0000903,C00301,2026-08-01,CURRENT,600
O0000904,C00302,2026-06-01,CURRENT,650
O0000905,C00302,2026-07-01,CURRENT,650
O0000906,C00302,2026-08-01,CURRENT,650
O0000907,C00303,2026-06-01,CURRENT,700
O0000908,C00303,2026-07-01,CURRENT,700
O0000909,C00303,2026-08-01,CURRENT,700
O0000910,C00304,2026-06-01,CURRENT,550
O0000911,C00304,2026-07-01,CURRENT,550
O0000912,C00304,2026-08-01,CURRENT,550
O0000913,C00305,2026-06-01,CURRENT,500
O0000914,C00305,2026-07-01,CURRENT,500
O0000915,C00305,2026-08-01,CURRENT,500
O0000916,C00306,2026-06-01,CURRENT,350
O0000917,C00306,2026-07-01,CURRENT,350
O0000918,C00306,2026-08-01,CURRENT,350
O0000919,C00307,2026-06-01,CURRENT,350
O0000920,C00307,2026-07-01,CURRENT,350
O0000921,C00307,2026-08-01,CURRENT,350
O0000922,C00308,2026-06-01,CURRENT,650
O0000923,C00308,2026-07-01,CURRENT,650
O0000924,C00308,2026-08-01,CURRENT,650
O0000925,C00309,2026-06-01,CURRENT,600
O0000926,C00309,2026-07-01,CURRENT,600
O0000927,C00309,2026-08-01,CURRENT,600
O0000928,C00310,2026-06-01,CURRENT,650
O0000929,C00310,2026-07-01,CURRENT,650
O0000930,C00310,2026-08-01,CURRENT,650
O0000931,C00311,2026-06-01,CURRENT,400
O0000932,C00311,2026-07-01,CURRENT,400
O0000933,C00311,2026-08-01,CURRENT,400
O0000934,C00312,2026-06-01,CURRENT,350
O0000935,C00312,2026-07-01,CURRENT,350
O0000936,C00312,2026-08-01,CURRENT,350
O0000937,C00313,2026-06-01,CURRENT,600
O0000938,C00313,2026-07-01,CURRENT,600
O0000939,C00313,2026-08-01,CURRENT,600
O0000940,C00314,2026-06-01,CURRENT,550
O0000941,C00314,2026-07-01,CURRENT,550
O0000942,C00314,2026-08-01,CURRENT,550
O0000943,C00315,2026-06-01,CURRENT,750
O0000944,C00315,2026-07-01,CURRENT,750
O0000945,C00315,2026-08-01,CURRENT,750
O0000946,C00316,2026-06-01,CURRENT,350
O0000947,C00316,2026-07-01,CURRENT,350
O0000948,C00316,2026-08-01,CURRENT,350
O0000949,C00317,2026-06-01,CURRENT,700
O0000950,C00317,2026-07-01,CURRENT,700
O0000951,C00317,2026-08-01,CURRENT,700
O0000952,C00318,2026-06-01,CURRENT,650
O0000953,C00318,2026-07-01,CURRENT,650
O0000954,C00318,2026-08-01,CURRENT,650
O0000955,C00319,2026-06-01,CURRENT,750
O0000956,C00319,2026-07-01,CURRENT,750
O0000957,C00319,2026-08-01,CURRENT,750
O0000958,C00320,2026-06-01,CURRENT,750
O0000959,C00320,2026-07-01,CURRENT,750
O0000960,C00320,2026-08-01,CURRENT,750
O0000961,C00321,2026-06-01,CURRENT,400
O0000962,C00321,2026-07-01,CURRENT,400
O0000963,C00321,2026-08-01,CURRENT,400
O0000964,C00322,2026-06-01,CURRENT,350
O0000965,C00322,2026-07-01,CURRENT,350
O0000966,C00322,2026-08-01,CURRENT,350
O0000967,C00323,2026-06-01,CURRENT,600
O0000968,C00323,2026-07-01,CURRENT,600
O0000969,C00323,2026-08-01,CURRENT,600
O0000970,C00324,2026-06-01,CURRENT,600
O0000971,C00324,2026-07-01,CURRENT,600
O0000972,C00324,2026-08-01,CURRENT,600
O0000973,C00325,2026-06-01,CURRENT,600
O0000974,C00325,2026-07-01,CURRENT,600
O0000975,C00325,2026-08-01,CURRENT,600
O0000976,C00326,2026-06-01,CURRENT,650
O0000977,C00326,2026-07-01,CURRENT,650
O0000978,C00326,2026-08-01,CURRENT,650
O0000979,C00327,2026-06-01,CURRENT,450
O0000980,C00327,2026-07-01,CURRENT,450
O0000981,C00327,2026-08-01,CURRENT,450
O0000982,C00328,2026-06-01,CURRENT,550
O0000983,C00328,2026-07-01,CURRENT,550
O0000984,C00328,2026-08-01,CURRENT,550
O0000985,C00329,2026-06-01,CURRENT,350
O0000986,C00329,2026-07-01,CURRENT,350
O0000987,C00329,2026-08-01,CURRENT,350
O0000988,C00330,2026-06-01,CURRENT,600
O0000989,C00330,2026-07-01,CURRENT,600
O0000990,C00330,2026-08-01,CURRENT,600
O0000991,C00331,2026-06-01,CURRENT,400
O0000992,C00331,2026-07-01,CURRENT,400
O0000993,C00331,2026-08-01,CURRENT,400
O0000994,C00332,2026-06-01,CURRENT,350
O0000995,C00332,2026-07-01,CURRENT,350
O0000996,C00332,2026-08-01,CURRENT,350
O0000997,C00333,2026-06-01,CURRENT,350
O0000998,C00333,2026-07-01,CURRENT,350
O0000999,C00333,2026-08-01,CURRENT,350
O0001000,C00334,2026-06-01,CURRENT,650
O0001001,C00334,2026-07-01,CURRENT,650
O0001002,C00334,2026-08-01,CURRENT,650
O0001003,C00335,2026-06-01,CURRENT,350
O0001004,C00335,2026-07-01,CURRENT,350
O0001005,C00335,2026-08-01,CURRENT,350
O0001006,C00336,2026-06-01,CURRENT,400
O0001007,C00336,2026-07-01,CURRENT,400
O0001008,C00336,2026-08-01,CURRENT,400
O0001009,C00337,2026-06-01,CURRENT,700
O0001010,C00337,2026-07-01,CURRENT,700
O0001011,C00337,2026-08-01,CURRENT,700
O0001012,C00338,2026-06-01,CURRENT,450
O0001013,C00338,2026-07-01,CURRENT,450
O0001014,C00338,2026-08-01,CURRENT,450
O0001015,C00339,2026-06-01,CURRENT,750
O0001016,C00339,2026-07-01,CURRENT,750
O0001017,C00339,2026-08-01,CURRENT,750
O0001018,C00340,2026-06-01,CURRENT,350
O0001019,C00340,2026-07-01,CURRENT,350
O0001020,C00340,2026-08-01,CURRENT,350
O0001021,C00341,2026-06-01,CURRENT,400
O0001022,C00341,2026-07-01,CURRENT,400
O0001023,C00341,2026-08-01,CURRENT,400
O0001024,C00342,2026-06-01,CURRENT,650
O0001025,C00342,2026-07-01,CURRENT,650
O0001026,C00342,2026-08-01,CURRENT,650
O0001027,C00343,2026-06-01,CURRENT,750
O0001028,C00343,2026-07-01,CURRENT,750
O0001029,C00343,2026-08-01,CURRENT,750
O0001030,C00344,2026-06-01,CURRENT,350
O0001031,C00344,2026-07-01,CURRENT,350
O0001032,C00344,2026-08-01,CURRENT,350
O0001033,C00345,2026-06-01,CURRENT,600
O0001034,C00345,2026-07-01,CURRENT,600
O0001035,C00345,2026-08-01,CURRENT,600
O0001036,C00346,2026-06-01,CURRENT,400
O0001037,C00346,2026-07-01,CURRENT,400
O0001038,C00346,2026-08-01,CURRENT,400
O0001039,C00347,2026-06-01,CURRENT,400
O0001040,C00347,2026-07-01,CURRENT,400
O0001041,C00347,2026-08-01,CURRENT,400
O0001042,C00348,2026-06-01,CURRENT,750
O0001043,C00348,2026-07-01,CURRENT,750
O0001044,C00348,2026-08-01,CURRENT,750
O0001045,C00349,2026-06-01,CURRENT,650
O0001046,C00349,2026-07-01,CURRENT,650
O0001047,C00349,2026-08-01,CURRENT,650
O0001048,C00350,2026-06-01,CURRENT,400
O0001049,C00350,2026-07-01,CURRENT,400
O0001050,C00350,2026-08-01,CURRENT,400
O0001051,C00351,2026-06-01,CURRENT,450
O0001052,C00351,2026-07-01,CURRENT,450
O0001053,C00351,2026-08-01,CURRENT,450
O0001054,C00352,2026-06-01,CURRENT,750
O0001055,C00352,2026-07-01,CURRENT,750
O0001056,C00352,2026-08-01,CURRENT,750
O0001057,C00353,2026-06-01,CURRENT,500
O0001058,C00353,2026-07-01,CURRENT,500
O0001059,C00353,2026-08-01,CURRENT,500
O0001060,C00354,2026-06-01,CURRENT,600
O0001061,C00354,2026-07-01,CURRENT,600
O0001062,C00354,2026-08-01,CURRENT,600
O0001063,C00355,2026-06-01,CURRENT,700
O0001064,C00355,2026-07-01,CURRENT,700
O0001065,C00355,2026-08-01,CURRENT,700
O0001066,C00356,2026-06-01,CURRENT,650
O0001067,C00356,2026-07-01,CURRENT,650
O0001068,C00356,2026-08-01,CURRENT,650
O0001069,C00357,2026-06-01,CURRENT,700
O0001070,C00357,2026-07-01,CURRENT,700
O0001071,C00357,2026-08-01,CURRENT,700
O0001072,C00358,2026-06-01,CURRENT,600
O0001073,C00358,2026-07-01,CURRENT,600
O0001074,C00358,2026-08-01,CURRENT,600
O0001075,C00359,2026-06-01,CURRENT,750
O0001076,C00359,2026-07-01,CURRENT,750
O0001077,C00359,2026-08-01,CURRENT,750
O0001078,C00360,2026-06-01,CURRENT,350
O0001079,C00360,2026-07-01,CURRENT,350
O0001080,C00360,2026-08-01,CURRENT,350
